{
    "summary_char_len": {
        "mean": 57.34878921508789,
        "std": 24.353899002075195
    },
    "description_char_len": {
        "mean": 1113.9346923828125,
        "std": 15055.3369140625
    },
    "summary_word_count": {
        "mean": 7.959568977355957,
        "std": 3.7401559352874756
    },
    "description_word_count": {
        "mean": 92.24211883544922,
        "std": 653.4967651367188
    }
}